Cliente,Sucursal,Direccion,LinkMaps,LatLon
ABB MEXICO,KRONES,"Calz. Aeropuerto 5501, Gasolinera del Valle, Bachigualato, 80140 Culiacán Rosales, Sin.",https://maps.app.goo.gl/cAnDpN5EqCtZLaXV8,"24.77666698321806, -107.45543591530162"
AGMA DISEÑO Y CONSTRUCCION,BBVA CPD LAGO ESMERALDA,"Lago Esmeralda 3 Mz 6 Lt 2, Santa Cruz Atizapan, 52989  Ciudad Lopez Mateos, Méx",https://maps.app.goo.gl/T5xpyFQndFxqKT2M7,"19.54425738325934, -99.27473193167386"
AGROASEMEX,Hospital Central Militar,"Hospital Central Militar, Periférico Blvrd Manuel Ávila Camacho s/n, Lomas de Sotelo, Militar, Miguel Hidalgo, 11600 Ciudad de México, CDMX",https://maps.app.goo.gl/jHhrp8FkvXBTV5MQ8,"19.43731666013155, -99.21619193867917"
BANCO DEL BAJIO,City Angelopolis,"Blvd Atlixcayotl No. 1499 P10 Tb Mexico Reserva Territorial Atlixcayotl San Andres Cholula, Puebla, Mexico, C.P.: 72830",https://maps.app.goo.gl/bkUZt5KQJBaBrotLA,"19.028234219331715, -98.23597223452768"
BANCO DEL BAJIO,Escandon,"Av. Patriotismo 108, Escandón I Secc, Miguel Hidalgo, 11800 Ciudad de México, CDMX",https://maps.app.goo.gl/ZU8sV1SSvSRGyobS6,"19.401915565858033, -99.17958803426025"
BANCO DEL BAJIO,Jamaica,"H.Congreso de la Unión 6, Quinto Tramo 20 de noviembre, Venustiano Carranza, 15220 Ciudad de México, CDMX",https://maps.app.goo.gl/3wFeyVvYDV7D9J7e7,"19.4089445836321, -99.12146224800928"
BANCO DEL BAJIO,Masarik,"Av. Pdte. Masaryk 123, Polanco, Polanco V Secc, Miguel Hidalgo, 11560 Ciudad de México, CDMX",https://maps.app.goo.gl/GKnARKDwN2UZcovZ6,"19.431954624354706, -99.18667892102289"
BANCO DEL BAJIO,Prado Sur,"Prado Sur 115-P.B, Lomas - Virreyes, Lomas de Chapultepec, Miguel Hidalgo, 11000 Ciudad de México, CDMX",https://maps.app.goo.gl/5x5QxkqqLSSEXE3j8,"19.42642290662244, -99.20567473266586"
BANCO DEL BAJIO,San Juan De Los Lagos,"Blvd. Lic. Ramón Martín Huerta 777, El Herrero, 47030 San Juan de los Lagos, Jal.",https://maps.app.goo.gl/wCs1DWJRbrvrRbWG6,"21.260343955068837, -102.32008201911512"
BANCO DEL BAJIO,Satelite,"Circuito Ingenieros 14, Cd. Satélite, 53100 Naucalpan de Juárez, Méx.",https://maps.app.goo.gl/5qUX3gLDveKkq38s9,"19.515332456678987, -99.23407950382081"
BBVA MEXICO SA,ACAYUCAN,"Calle Vicente Guerrero 47, Centro, 96000 Acayucan, Ver.",https://maps.app.goo.gl/eyrt1yUBo4463gfg9,"17.950408589174906, -94.91464152457235"
BBVA MEXICO SA,CORPORATIVO CITY CENTER,"Blvrd Jose María Morelos 1555, Granjas del Rosario, 37130 León de los Aldama, Gto.",https://maps.app.goo.gl/wVgusmRR8m3uBBsU9,"21.169853886047587, -101.6823462767895"
BBVA MEXICO SA,CR 1439 GALERIAS ATIZAPAN,"Av. Adolfo Ruiz Cortines 255, Mexico Nuevo, 52977 Cdad. López Mateos, Méx.",https://maps.app.goo.gl/i9NydEGZwrZBrFyk6,"19.549642561754798, -99.27417573049722"
BBVA MEXICO SA,CR 3044 DZ VERACRUZ,"Independencia 993, Centro, 91700 Veracruz, Ver.",https://maps.app.goo.gl/a3eRARQVQV7HFVQM6,"19.20135671172424, -96.13981202794538"
BBVA MEXICO SA,CR 3698 CONTRERAS CRUZ VERDE,"Av. San Jerónimo 70, Lomas Quebradas, La Magdalena Contreras, 10370 Ciudad de México, CDMX",https://maps.app.goo.gl/U7APActqThTzLLTE7,"19.315787934114688, -99.24154671315672"
BBVA MEXICO SA,CR 3934 YECAPIXTLA,"Plazuela La Libertad 28, Yacapitztla, Centro, 62820 Yecapixtla, Mor.",https://maps.app.goo.gl/5DKjzBLcqGRURtVd9,"18.882202501695314, -98.86456117812693"
BBVA MEXICO SA,CR 5316 SAN JOSE DEL CABO,"Ignacio Zaragoza, Gallery District, Centro, 23400 San José del Cabo, B.C.S.",https://maps.app.goo.gl/fzhSahrFGwY6wa2t8,"23.061851499276802, -109.69629809498196"
BBVA MEXICO SA,CR 544 TAPACHULA,"4a. Avenida Sur 19, Los Naranjos, Las Palmas, 30700 Tapachula de Córdova y Ordóñez, Chis.",https://maps.app.goo.gl/eaHG6zTF1Ge3PEDH8,"14.892399472885975, -92.27248179866686"
BBVA MEXICO SA,CR 5611 XICOTEPEC,"Pl. de La Constitución 102, Col Centro, 73080 Xicotepec de Juárez, Pue.",https://maps.app.goo.gl/QSCtxRH1KwxFHVjN6,"20.27720226276215, -97.9580092003686"
BBVA MEXICO SA,CR 5702 ASUNCION NOCHIXTLAN,"Guerrero 4, El Calvario, 69600 Asunción Nochixtlán, Oax.",https://maps.app.goo.gl/pCCHq4rxptSQsjAt9,"17.460693915908696, -97.22524977402723"
BBVA MEXICO SA,CR 6573 VALLE DE BRAVO,"5 de Febrero 107, La Capilla, 51200 Valle de Bravo, Méx.",https://maps.app.goo.gl/H12UXWSbaqTG3eYR8,"19.19421337159239, -100.13186344970744"
BBVA MEXICO SA,CR 886 JUAREZ DE LA CUESTA,"Av. Tecnológico 5311, Comunitario Jarudo, 32650 Juárez, Chih.",https://maps.app.goo.gl/xjBAYFfoQLroj82J7,"31.678101640028704, -106.42591535462596"
BBVA MEXICO SA,CR124 JIUTEPEC,"Calle 23 Este Manzana 12 Lote 9, Civac, 62578 Jiutepec, Mor.",https://maps.app.goo.gl/NJP5G6FWtjZi31R3A,"18.914938900550347, -99.16538675461703"
BBVA MEXICO SA,CR3522 HUIXQUILUCAN,"Nicolás Bravo 9, San Melchor, 52760 Huixquilucan de Degollado, Méx.",https://maps.app.goo.gl/JvDG45KBY85YyWEo9,"19.359985489456538, -99.35187625283562"
BBVA MEXICO SA,CR654 HERMOSILLO,"Av Aquiles Serdán 141, Centro, 83000 Hermosillo, Son.",https://maps.app.goo.gl/zodfpVAcH715pJ1W8,"29.076726847741106, -110.95527045908595"
BBVA MEXICO SA,CR656 HERMOSILLO,"Blvd. Luis Encinas J. s/n, San Benito, 83190 Hermosillo, Son.",https://maps.app.goo.gl/Nof5Aat5JXCybyc9A,"29.090847577542, -110.97129104838447"
BBVA MEXICO SA,MONCLOVA,"Venustiano Carranza 500, Zona Centro, 25700 Monclova, Coah.",https://maps.app.goo.gl/4TESiPAniobScqFt5,"26.901448112969874, -101.4166768199154"
BBVA MEXICO SA,ALMACEN GAVILANES,"Gral. Raúl Herrera 199, San Miguel, Iztapalapa, 09369 Ciudad de México, CDMX",https://maps.app.goo.gl/k7nxjWjwggiCmcTC9,"19.361069865846122, -99.07734775384067"
BBVA MEXICO SA,PYME NORTE - MERIDA CR 2912,"C. 60, Zona Industrial, 97204 Mérida, Yuc.",https://maps.app.goo.gl/U38BTgoFXBrrJ7Df8,"21.046385958817098, -89.63154684888724"
BBVA MEXICO SA,SEGUROS MONTERREY,"Lancaster 17, Juárez, Cuauhtémoc, 06600 Ciudad de México, CDMX",https://maps.app.goo.gl/iBHX4v2MfbCroXU18,"19.425636165061114, -99.16781098742955"
BBVA MEXICO SA,SERVICIOS ESTATALES DE SALUD,"Av Héroes de Chapultepec 267, Centro, 77000 Chetumal, Q.R.",https://maps.app.goo.gl/fZTws5NhsozJkCXb7,"18.501867665458104, -88.30079923349564"
GRUPO DIAGNOSTICO MEDICO PROA,20 De Noviembre,"Av 20 de Noviembre 1111, Ignacio Zaragoza, 91190 Veracruz, Ver.",https://maps.app.goo.gl/DaypYmfuktEfifcW7,"19.184803813972465, -96.13255407758575"
GRUPO DIAGNOSTICO MEDICO PROA,5 De Febrero,"Zona Industrial, Av. 5 de Febrero 1303, Felipe Carrillo Puerto, 76139 Santiago de Querétaro, Qro.",https://maps.app.goo.gl/TzDJWVEF5FScHFgN7,"20.607665688388423, -100.41895778465715"
GRUPO DIAGNOSTICO MEDICO PROA,Americas,"Avenida Hank González esquina, 1o. de Mayo S/N-local 14 y 15, Las Américas, 55075 Ecatepec de Morelos, Méx.",https://maps.app.goo.gl/g8aNtHej9SRfko7w6,"19.581415958274995, -99.0207855711643"
GRUPO DIAGNOSTICO MEDICO PROA,Anahuac,"Av Orion Nte 501, Tlaxcalancingo, 72810 San Bernardino Tlaxcalancingo, Pue.",https://maps.app.goo.gl/oWo8aRXeJMUD5V5i9,"19.01898318631273, -98.26432838465715"
GRUPO DIAGNOSTICO MEDICO PROA,Atlacomulco,"Isidro Fabela Nte. 46A, Centro Administrativo, 50450 Atlacomulco de Fabela, Méx.",https://maps.app.goo.gl/YKnRxuTMPPnKjfuS8,"19.79717204212033, -99.87468890000001"
GRUPO DIAGNOSTICO MEDICO PROA,Balbuena,"Fray Servando Teresa de Mier 990, Jardín Balbuena, Venustiano Carranza, 15900 Ciudad de México, CDMX",https://maps.app.goo.gl/BmzxP2bWFBq9gbqW7,"19.41764177882035, -99.10110181349286"
GRUPO DIAGNOSTICO MEDICO PROA,Barranca Del Muerto,"Av. Insurgentes Sur 1650, La florida, Álvaro Obregón, 01030 Ciudad de México, CDMX",https://maps.app.goo.gl/QCuw29s5Aqws4DyV9,"19.36295588936405, -99.18237090168569"
GRUPO DIAGNOSTICO MEDICO PROA,Bosques Lomas Verdes,"Avenida Lomas Verdes 750, Lomas Verdes, 53120 Naucalpan de Juárez, Méx.",https://maps.app.goo.gl/fip1CVo4kxmXqpWd8,"19.51046901754304, -99.2616346883571"
GRUPO DIAGNOSTICO MEDICO PROA,Celaya,"Blvrd Adolfo López Mateos 913, Barrio de Santo Cristo, 38046 Celaya, Gto.",https://maps.app.goo.gl/pPd6JeBGtLTWnuDp9,"20.52039795372306, -100.82426534232857"
GRUPO DIAGNOSTICO MEDICO PROA,Centenario Cadem Hermosillo,"C. de la Reforma 250, El Centenario, 83260 Hermosillo, Son.",https://maps.app.goo.gl/X51aexS2tfdEiB5GA,"29.074896983329058, -110.96521254417856"
GRUPO DIAGNOSTICO MEDICO PROA,Centro Union,"Calz. Ventura Puente 530, Cuauhtémoc, 58020 Morelia, Mich.",https://maps.app.goo.gl/AU7gpNHjgmBTaoMk6,"19.694479027244693, -101.17941015767141"
GRUPO DIAGNOSTICO MEDICO PROA,Chopo Del Valle,"Gabriel Mancera 164, Col del Valle Nte, Benito Juárez, 03100 Ciudad de México, CDMX",https://maps.app.goo.gl/UhMCqUcFWDXkcXwv5,"19.39680555740052, -99.16166071534285"
GRUPO DIAGNOSTICO MEDICO PROA,Constitucion,"Ermita Iztapalapa 2955, San Miguel, Iztapalapa, 09360 Ciudad de México, CDMX",https://maps.app.goo.gl/uDPfNqovnAxCf8548,"19.350564941351855, -99.07194772883571"
GRUPO DIAGNOSTICO MEDICO PROA,Constituyentes,"Av. Constituyentes 13, Centro, 76057 Santiago de Querétaro, Qro.",https://maps.app.goo.gl/etfD8NjU6gTBkYgi6,"20.58716045519592, -100.3833368"
GRUPO DIAGNOSTICO MEDICO PROA,Cordoba,"Av 11 1102, Federal, 91190 Córdoba, Ver.",https://maps.app.goo.gl/d8WQSeymGT7XueZF7,"18.89554401477371, -96.94391272328573"
GRUPO DIAGNOSTICO MEDICO PROA,Corporativo Ejercito Nacional,"Av. Ejército Nacional Mexicano 210-216, Anzures, Miguel Hidalgo, 11590 Ciudad de México, CDMX",https://maps.app.goo.gl/FPiMy3Pczo74tm7BA,"19.4359006995373, -99.17947307295842"
GRUPO DIAGNOSTICO MEDICO PROA,Del Moral,"Blvd. Adolfo López Mateos 2503, Jardines del Moral, 37180 León de los Aldama, Gto.",https://maps.app.goo.gl/uZDjGY4vvzdxGMod9,"21.148115063905802, -101.68531204317864"
GRUPO DIAGNOSTICO MEDICO PROA,Ejercito Mexicano Cadem,"Av. Ejército Mexicano 707, Minerva, 89120 Tampico, Tamps.",https://maps.app.goo.gl/ydfFsJuzii1TTu1S7,"22.250140762405223, -97.86583843350553"
GRUPO DIAGNOSTICO MEDICO PROA,Emiliano Zapata,"Gral. Emiliano Zapata 532, Barrio de San Marcos, 20070 Aguascalientes, Ags.",https://maps.app.goo.gl/Ts8e3JBmABkrfByC7,"21.882717730597115, -102.30629937802748"
GRUPO DIAGNOSTICO MEDICO PROA,Ex Hacienda,"Calz. de Tlalpan 4768, Niño Jesús, Tlalpan, 14080 Ciudad de México, CDMX",https://maps.app.goo.gl/vpejwpDKEvkVjJA38,"19.288908851809875, -99.16258834232856"
GRUPO DIAGNOSTICO MEDICO PROA,Felipe Sevilla,"Felipe Sevilla del Río 400, Lomas de Circunvalación, 28010 Colima, Col.",https://maps.app.goo.gl/BNg5MDr73f8S3c4H9,"19.252050586551405, -103.71173377301426"
GRUPO DIAGNOSTICO MEDICO PROA,Galerias Metepec,"C. Leona Vicario 703, Centro, 52154 San Francisco Coaxusco, Méx.",https://maps.app.goo.gl/fR79qo1bYE8snwwf8,"19.26150010000001, -99.62353111349287"
GRUPO DIAGNOSTICO MEDICO PROA,Garcia Salinas,"Avenida García Salinas, P.º de Las Colinas 309, 98098 Zacatecas, Zac.",https://maps.app.goo.gl/zzpK8CYAX7kxknPW8,"22.76018779340532, -102.54571767116428"
GRUPO DIAGNOSTICO MEDICO PROA,Glorieta,"Av Insurgentes 1088, Cuautlixco, 62747 Cuautla, Mor.",https://maps.app.goo.gl/r5DMSKAz5AkkvYQ86,"18.840117564256396, -98.94177001442655"
GRUPO DIAGNOSTICO MEDICO PROA,Imagenus Coyoacan,"Av. México Coyoacán 346, Gral Anaya, Benito Juárez, 03340 Ciudad de México, CDMX",https://maps.app.goo.gl/qSYneXUe3mLUKpLN6,"19.36094280079301, -99.16291682791002"
GRUPO DIAGNOSTICO MEDICO PROA,Independencia,"Blvd. Independencia, Oriente # 2333, San Isidro, 27100 Torreón, Coah.",https://maps.app.goo.gl/A4PGQCCR2s3PNfcG6,"25.569462356166678, -103.42286089999999"
GRUPO DIAGNOSTICO MEDICO PROA,Izcalli,"Plaza Fiesta, Manzana 035, Centro Urbano, 54700 Cuautitlán Izcalli, Méx.",https://maps.app.goo.gl/fcPqZKHQnAMixWyF8,"19.648226613165097, -99.20661742846279"
GRUPO DIAGNOSTICO MEDICO PROA,Justo Sierra,"C. Justo Sierra 2350, Ladrón de Guevara, Ladron De Guevara, 44670 Guadalajara, Jal.",https://maps.app.goo.gl/YioRmx6zLNwm9Tug9,"20.677970637683163, -103.37594024232855"
GRUPO DIAGNOSTICO MEDICO PROA,La Loma,"Av. Paseo de la Loma 219, Centro, 63000 Tepic, Nay.",https://maps.app.goo.gl/4Mbyc7gys3rvaQHX8,"21.503597261415667, -104.90243090928469"
GRUPO DIAGNOSTICO MEDICO PROA,Las Arboledas,"C. San Nicolás 10, Electra, 54060 Tlalnepantla, Méx.",https://maps.app.goo.gl/Kg5CQcXD1kg9zMtc7,"19.550720520544264, -99.20522537116429"
GRUPO DIAGNOSTICO MEDICO PROA,Leon Del Moral,"Blvd. Adolfo López Mateos 2503, Jardines del Moral, 37180 León de los Aldama, Gto.",https://maps.app.goo.gl/VDuC2tsPdQwDjpqC7,"21.14775441256675, -101.68533604232857"
GRUPO DIAGNOSTICO MEDICO PROA,Lindavista,"Ruíz Massieu, Av. Wilfrido Massieu 294, Lindavista, Gustavo A. Madero, 07300 Ciudad de México, CDMX",https://maps.app.goo.gl/QXfVfBNz3wk5m7Gv8,"19.494241579841947, -99.13390520602509"
GRUPO DIAGNOSTICO MEDICO PROA,Miguel Aleman Xalapa,"Av Miguel Alemán 48, Laderas de Macuiltepetl, 91130 Xalapa-Enríquez, Ver.",https://maps.app.goo.gl/WEQxcbCSnyAp7Tyb8,"19.542931223837545, -96.91886004488553"
GRUPO DIAGNOSTICO MEDICO PROA,Miguel De La Madrid,"Blvd. Miguel de la Madrid 1167, Salagua Centro, 28869 Colima, Col.",https://maps.app.goo.gl/HKYAugGUir6EYWcK6,"19.101651397999596, -104.32716607446604"
GRUPO DIAGNOSTICO MEDICO PROA,Miramontes,"Canal de Miramontes 2788, Coapa, Jardines de Coyoacán, Coyoacán, 04830 Ciudad de México, CDMX",https://maps.app.goo.gl/a93t4ooYXbC6a2YZ8,"19.316165672045617, -99.12487023076037"
GRUPO DIAGNOSTICO MEDICO PROA,Nezahualcoyotl,"Av. Adolfo López Mateos 160, Metropolitana 1ra Secc, 57730 Cdad. Nezahualcóyotl, Méx.",https://maps.app.goo.gl/pM2WraknnUyspFV6A,"19.397440917755993, -99.03065908830287"
GRUPO DIAGNOSTICO MEDICO PROA,Nuevos Jardines Irapuato,"Av. Guerrero 1817-Loc 1, Gamez, 36660 Irapuato, Gto.",https://maps.app.goo.gl/DgG3iHjARy3vrjCY9,"20.68808078178127, -101.3575724895805"
GRUPO DIAGNOSTICO MEDICO PROA,Obispado,"Miguel Hidalgo y Costilla 2605, Obispado, 64060 Monterrey, N.L.",https://maps.app.goo.gl/PxnCAhm5BLuWJp9n9,"25.672839290867742, -100.34930265767143"
GRUPO DIAGNOSTICO MEDICO PROA,Pabellon Violetas,"C. Violetas 401-Local 13, Centro, 68050 Oaxaca de Juárez, Oax.",https://maps.app.goo.gl/8iQCxejc1NPNF7Xw8,"17.07864398855811, -96.71057545767142"
GRUPO DIAGNOSTICO MEDICO PROA,Pachuca,"Carr. Federal Pachuca - Mexico km. 87.7, Ex Hacienda de Coscotitlán, 42080 Pachuca de Soto, Hgo.",https://maps.app.goo.gl/DQ6dYjYtEfw4sYoW6,"20.090453703645327, -98.77168880176221"
GRUPO DIAGNOSTICO MEDICO PROA,Paseo Tabasco,"Avenida Paseo Tabasco.914 Esq, Av. Gregorio Méndez Magaña, Jesus Garcia, 86040 Villahermosa, Tab.",https://maps.app.goo.gl/suuFT3cYc3SZrxXU8,"17.99225889515443, -92.93299999090708"
GRUPO DIAGNOSTICO MEDICO PROA,Patria,"Av. Patria 1744, Santa Isabel, 45110 Zapopan, Jal.",https://maps.app.goo.gl/JMoejLEnhA4y7Fun7,"20.70292298382013, -103.41436755767141"
GRUPO DIAGNOSTICO MEDICO PROA,Patriotismo,"Av. Patriotismo 168, Escandón I Secc, Miguel Hidalgo, 11800 Ciudad de México, CDMX",https://maps.app.goo.gl/5CeNvitNzgr9ycyg9,"19.398176398980322, -99.18090601349287"
GRUPO DIAGNOSTICO MEDICO PROA,Plaza Del Sol,"Av. Adolfo López Mateos Sur 4205-B, Loma Bonita, 45580 Zapopan, Jal.",https://maps.app.goo.gl/HBNDPAzkN1Jq2Xcj7,"20.643619671977834, -103.40747466675457"
GRUPO DIAGNOSTICO MEDICO PROA,Polanco,"Av. Homero 1910, Polanco, Polanco I Secc, Miguel Hidalgo, 11510 Ciudad de México, CDMX",https://maps.app.goo.gl/Juh7sNeak6N7z2fh9,"19.43699568998723, -99.21218628693606"
GRUPO DIAGNOSTICO MEDICO PROA,San Borja,"Trinidad 206, Insurgentes San Borja, Benito Juárez, 03100 Ciudad de México, CDMX",https://maps.app.goo.gl/5YgYCKU76QKFz5cC9,"19.386216101865205, -99.17225764801977"
GRUPO DIAGNOSTICO MEDICO PROA,San Juan Del Rio,"Av. Lic. Benito Juárez Pte. 44, Centro, 76800 San Juan del Río, Qro.",https://maps.app.goo.gl/VPy8gwQrURe4r22M8,"20.386060509699025, -100.00072307972606"
GRUPO DIAGNOSTICO MEDICO PROA,San Juan Multiplaza,"Multiplaza San Juan, Av. Central S/N, Bosques de Aragon, 57170 Cdad. Nezahualcóyotl, Méx.",https://maps.app.goo.gl/BU2SS8m4nM16NDGR6,"19.469811376664925, -99.0551722"
GRUPO DIAGNOSTICO MEDICO PROA,San Manuel,"Diag. Ignacio Zaragoza 4502, Jardines de San Manuel, 72570 Heroica Puebla de Zaragoza, Pue.",https://maps.app.goo.gl/5NpkqXx653uztsrr6,"19.01818372963478, -98.19885424578818"
GRUPO DIAGNOSTICO MEDICO PROA,Santa Fe,"Juan Salvador Agraz 15, Santa Fe, Contadero, Cuajimalpa de Morelos, 05300 Ciudad de México, CDMX",https://maps.app.goo.gl/4HtzvCH9iHHW6nSy5,"19.360421333581677, -99.2801602"
GRUPO DIAGNOSTICO MEDICO PROA,Santa Maria,"C. Dr. Enrique González Martínez 109, Sta María la Ribera, Cuauhtémoc, 06400 Cuauhtémoc, CDMX",https://maps.app.goo.gl/u6gzgYfK9opyo3ee6,"19.446192481503086, -99.15535387433613"
GRUPO DIAGNOSTICO MEDICO PROA,Satelite,"Cto. Medicos 17-Local 1, Cd. Satélite, 53100 Naucalpan de Juárez, Méx.",https://maps.app.goo.gl/aEtftgSTDHeTxcRN6,"19.506680184205397, -99.23327187182853"
GRUPO DIAGNOSTICO MEDICO PROA,Satelite Especialidades,"Cto. Medicos 22, Cd. Satélite, 53100 Naucalpan de Juárez, Méx.",https://maps.app.goo.gl/tom3nv7oN4p9k1V68,"19.50676371384579, -99.2334720869967"
GRUPO DIAGNOSTICO MEDICO PROA,Tacuba,"Calz México-Tacuba 529, Popotla, Miguel Hidalgo, 11400 Ciudad de México, CDMX",https://maps.app.goo.gl/85XpgY8nWYUbW492A,"19.456228086763147, -99.1794136711643"
GRUPO DIAGNOSTICO MEDICO PROA,Tehuacan,"Heroes de La Independencia 539, Guadalupe Hidalgo, 75790 Tehuacán, Pue.",https://maps.app.goo.gl/aEzw4maTRkmDin9NA,"18.457187466301217, -97.39251310456453"
GRUPO DIAGNOSTICO MEDICO PROA,Teopanzolco,"Río Balsas 33, Vista Hermosa, 62290 Cuernavaca, Mor.",https://maps.app.goo.gl/juf55B2nZkEu9mTz7,"18.930931830772685, -99.22088316198831"
GRUPO DIAGNOSTICO MEDICO PROA,Tepotzotlan,"Calle Lic. Benito Juárez 38, Tlacateco, 54605 Tepotzotlán, Méx.",https://maps.app.goo.gl/QkQkBViZ2S7kWoXK9,"19.71439677589396, -99.2155799419788"
GRUPO DIAGNOSTICO MEDICO PROA,Texcoco,"Calle 16 de Septiembre 308, San Pedro, 56100 Texcoco de Mora, Méx.",https://maps.app.goo.gl/MmyKUHzET7U3SkuR8,"19.518108338797134, -98.88032961055886"
GRUPO DIAGNOSTICO MEDICO PROA,Tula,"De La Constitución 17, Centro, 42800 Tula de Allende, Hgo.",https://maps.app.goo.gl/pPD28Ppk6auJMJo26,"20.056629775060355, -99.34244792410857"
GRUPO DIAGNOSTICO MEDICO PROA,Universidad,"Avenida Universidad 406, Chapultepec, 66450 Monterrey, N.L.",https://maps.app.goo.gl/fE2Ygf8EcbaXfsCi8,"25.742812525649157, -100.30134075156839"
GRUPO DIAGNOSTICO MEDICO PROA,Valle Mty,"Calzada del Valle 415, San Pedro Garza García, Del Valle, 66220 Nuevo León, N.L.",https://maps.app.goo.gl/PrxH8EegnvumBt7aA,"25.660696585359624, -100.38055868584402"
GRUPO DIAGNOSTICO MEDICO PROA,Vicente Guerrero,"P.º Gral. Vicente Guerrero 200, Plazas de San Buenaventura, 50110 Toluca de Lerdo, Méx.",https://maps.app.goo.gl/tg5sBWULXb1Q7gtDA,"19.283544795976166, -99.67411924232859"
GRUPO DIAGNOSTICO MEDICO PROA,Violetas,"C. Violetas 401-Local 13, Centro, 68050 Oaxaca de Juárez, Oax.",https://maps.app.goo.gl/zKw2vk49n2TGYmip8,"17.078641815596864, -96.71055003462239"
GRUPO DIAGNOSTICO MEDICO PROA,Zumpango,"Cuauhtémoc 5, San Juan, 55600 Zumpango de Ocampo, Méx.",https://maps.app.goo.gl/M1Auv8xFEbRDmM5XA,"19.79832648908538, -99.1011241150917"
"CIBANCO, S.A. INSTITUCION DE BANCA MULTIPLE",BOVEDA,"CI Banco Palmas, Calz. Gral. Mariano Escobedo 595, Polanco, Bosque de Chapultepec I Secc, Miguel Hidalgo, 11589 Ciudad de México, CDMX",https://maps.app.goo.gl/YxmJoXEcpe9R1itq7,"19.428638448040193, -99.18007979622759"
"CIBANCO, S.A. INSTITUCION DE BANCA MULTIPLE",ESTADO DE MEXICO,"CI Banco, C. Leona Vicario 353, Coaxustenco, 52140 Metepec, Méx.",https://maps.app.goo.gl/34DyxwTkyoEB35UFA,"19.261644339581295, -99.61161655098478"
"CIBANCO, S.A. INSTITUCION DE BANCA MULTIPLE",FUTURAMA LEON,"CI Banco León, Blvd. Adolfo López Mateos 2157, Monterrey Futurama, 37180 León de los Aldama, Gto.",https://maps.app.goo.gl/M9RUa19JZCKb1zMd6,"21.149102239224437, -101.68525189377043"
"CIBANCO, S.A. INSTITUCION DE BANCA MULTIPLE",LOMAS PLAZA,"CI Banco Lomas Plaza, Perif. Blvd. Manuel Ávila Camacho 50, Lomas - Virreyes, Lomas de Chapultepec, Miguel Hidalgo, 11000 Ciudad de México, CDMX",https://maps.app.goo.gl/fVY3h6eXZiUmZArC8,"19.43033457537884, -99.20674059882963"
"CIBANCO, S.A. INSTITUCION DE BANCA MULTIPLE",MARIANO ESCOBEDO,"CIBanco Plaza Campos Elíseos Uno Corporativo, Calz. Gral. Mariano Escobedo 595, Rincón del Bosque, Polanco V Secc, Miguel Hidalgo, 11560 CDMX",https://maps.app.goo.gl/epcWKqn9njfckQev6,"19.42849880328504, -99.18033540784195"
"CIBANCO, S.A. INSTITUCION DE BANCA MULTIPLE",MAYALAND,"CIBanco Plaza Mayaland, Plaza Mayaland, MZA 2 LTE 1, Av. Tulúm 8, 77504 Cancún, Q.R.",https://maps.app.goo.gl/utqkPwive4MNoTHt5,"21.13997178859003, -86.8248878442268"
"CIBANCO, S.A. INSTITUCION DE BANCA MULTIPLE",MONTERREY,"CIBanco Del Valle, Río Guayalejo 100, Del Valle, 66220 San Pedro Garza García, N.L.",https://maps.app.goo.gl/fTZjqtNoSgNi3Gi66,"25.657372538170765, -100.37210304156261"
"CIBANCO, S.A. INSTITUCION DE BANCA MULTIPLE",PERIFERICO SUR,"CI Banco, Periferico Sur 3343, San Jerónimo Lídice, San Jerónimo Aculco, Álvaro Obregón, 10200 Ciudad de México, CDMX",https://maps.app.goo.gl/rxWTNwNy6UuvSanU6,"19.323533559462312, -99.2176826688457"
"CIBANCO, S.A. INSTITUCION DE BANCA MULTIPLE",PUEBLA TEZIUTLAN,"CI Banco La Paz, Teziutlán Sur 58, La Paz, 72160 Heroica Puebla de Zaragoza, Pue.",https://maps.app.goo.gl/HiSokutSEcyH8XbB7,"19.05294810878679, -98.22801619283433"
"CIBANCO, S.A. INSTITUCION DE BANCA MULTIPLE",TORREON INDEPENDENCIA,"CI Banco Torreón Independencia, Las Quintas 50-Local 20, San Isidro, 27018 Torreón, Coah.",https://maps.app.goo.gl/yo6iLz74kJzsYFmq7,"25.573970219707128, -103.41598724725392"
"CIBANCO, S.A. INSTITUCION DE BANCA MULTIPLE",VADO DEL RIO,"CI Banco Vado del Río, Blvr. P.º Río Sonora 205-Local 2, Proyecto Rio Sonora Hermosillo XXI, 83260 Hermosillo, Son.",https://maps.app.goo.gl/ZvLGFTS1ZebdVndx6,"29.068472637199715, -110.96017695532802"
GE SISTEMAS MEDICOS DE MEXICO,Hgr 1 Vicente Guerrero,"Av. Adolfo Ruiz Cortinez 7, Progreso, 39610 Acapulco de Juárez, Gro.",https://maps.app.goo.gl/WDWGNDjnDiecdbhV6,"16.872800157798153, -99.88941436063197"
GE SISTEMAS MEDICOS DE MEXICO,Hospital Aranda De La Parra,"M. Hidalgo 329, Centro, 37000 León de los Aldama, Gto.",https://maps.app.goo.gl/LU1vimwbaCFKu4BH8,"21.125598905506138, -101.6816049242656"
GE SISTEMAS MEDICOS DE MEXICO,Ct Scanner Lomas Altas,"Av. P.º de la Reforma 2608, Lomas Altas, Miguel Hidalgo, 11950 Ciudad de México, CDMX",https://maps.app.goo.gl/MPUeHuszDAgRu7XE8,"19.39428031586248, -99.2391916303346"
GE SISTEMAS MEDICOS DE MEXICO,Esférica Logistic,"54714, Carpinteros 21, Industrial Xhala, 54714 Cuautitlán Izcalli, Méx.",https://maps.app.goo.gl/zJ6WF42McG6EdnHa8,"19.687159383599457, -99.1890222108059"
GE SISTEMAS MEDICOS DE MEXICO,Hospital Ortopedia Magdalena De Las Salinas,"Hospital de Ortopedia Magdalena de las Salinas IMSS, Av Fortuna, Magdalena de las Salinas, Gustavo A. Madero, 07760 Ciudad de México, CDMX",https://maps.app.goo.gl/K6ZbAA2smn3LXsKs9,"19.484896853937617, -99.13565050942464"
GE SISTEMAS MEDICOS DE MEXICO,He Cmn Puebla,"Calle 2 Nte 2004, Centro histórico de Puebla, 72089 Heroica Puebla de Zaragoza, Pue.",https://maps.app.goo.gl/TbTqGm4kLTjoCVbU7,"19.051174100000008, -98.1918645288357"
GE SISTEMAS MEDICOS DE MEXICO,Hes 25 Monterrey,"Unidad Médica de Alta Especialidad No. 25,  Av Fidel Velázquez s/n, Mitras Nte., 64180 Monterrey, N.L.",https://maps.app.goo.gl/Pf9oqUJ2ZPAbH3Ek9,"25.716103941971305, -100.35045592756894"
GE SISTEMAS MEDICOS DE MEXICO,Hgo 4 San Angel,"Rio de la Magdalena 289, Tizapán San Ángel, Progreso Tizapán, Álvaro Obregón, 01090 Ciudad de México, CDMX",https://maps.app.goo.gl/EjiKk33iKdX2qvNZ6,"19.337023423592303, -99.19969736931428"
GE SISTEMAS MEDICOS DE MEXICO,Hgz 30 Imss Mexicali,"Hospital Regional de Especialidades No. 30,  Av. Lerdo de Tejada S/n, Nueva, 21100 Mexicali, B.C.",https://maps.app.goo.gl/9SF14E81F7WE5JfF6,"32.66164677987501, -115.46778917794339"
GE SISTEMAS MEDICOS DE MEXICO,Hospital (Hgo 23 Mty),"Hospital de Gineco-Obstetricia 23, Av. Félix U. Gómez S/N, Centro, 64000 Monterrey, N.L.",https://maps.app.goo.gl/Pr9tkZp9kyPMws9i7,"25.66979499012688, -100.29767901349287"
GE SISTEMAS MEDICOS DE MEXICO,Hospital Azura - Satelite,"Enrique Sada Muguerza No 17, Cd. Satélite, 53100 Naucalpan de Juárez, Méx.",https://maps.app.goo.gl/5jdiYsf9FUp1uxxW9,"19.5069332881356, -99.23430452735748"
GE SISTEMAS MEDICOS DE MEXICO,Hospital Central Militar,"Hospital Central Militar, Periférico Blvrd Manuel Ávila Camacho s/n, Lomas de Sotelo, Militar, Miguel Hidalgo, 11600 Ciudad de México, CDMX",https://maps.app.goo.gl/cCGLUsPsYzcoqvWu7,"19.43709268261519, -99.21623756110834"
GE SISTEMAS MEDICOS DE MEXICO,Hospital De La Mujer Y Neonatologia Tehuacán,"Hospital de la Mujer y Neonatologia Tehuacán, Federal Pte., San Lorenzo Teotipilco, 75855 Tehuacán, Pue.",https://maps.app.goo.gl/d5t8aYb8kb9bLYEs7,"18.47678443418425, -97.4394712632145"
GE SISTEMAS MEDICOS DE MEXICO,Hospital De Pediatria - Siglo Xxi,"Hospital de pedriatia, Doctores, Cuauhtémoc, 06720 Ciudad de México, CDMX",https://maps.app.goo.gl/kWPgZsJx5gQecNgXA,"19.407007961511056, -99.1520445"
GE SISTEMAS MEDICOS DE MEXICO,Hospital Trauma Magdalena De Las Salinas,"Av Fortuna 101, Magdalena de las Salinas, Gustavo A. Madero, 07760 Ciudad de México, CDMX",https://maps.app.goo.gl/EPQS6XC9MeNkfV4VA,"19.484655037636948, -99.13723736990327"
GE SISTEMAS MEDICOS DE MEXICO,Hospital Estatal De Cancerologia De Colima,"Instituto Estatal de Cancerología de Colima, Costeño, 28090 Colima, Col.",https://maps.app.goo.gl/3j6r3HH61V4mSEEq5,"19.22113296673004, -103.7264040631904"
GE SISTEMAS MEDICOS DE MEXICO,Hospital Genarl Regional 66 Cd Juarez,"Fracc, Calle Ramón Rayon, Calle Eduarda Barbachano 951, 32575 Juárez, Chih.",https://maps.app.goo.gl/m8ZMSjvSSL24P1Te9,"31.61944793803946, -106.38427616265628"
GE SISTEMAS MEDICOS DE MEXICO,Hospital General De Cuernavaca,"Hospital General de Cuernavaca, Av. Domingo Diez S/N, Lomas de la Selva, 62270 Cuernavaca, Mor.",https://maps.app.goo.gl/N74hqxqE8eWbLEZCA,"18.935777662457927, -99.23300718465717"
GE SISTEMAS MEDICOS DE MEXICO,Hospital General De Fresnillo,"Carretera Fresnillo-Valparaiso Km 3.45, Centro, 99000 Fresnillo, Zac.",https://maps.app.goo.gl/hkR1gu74PMgRAVCA6,"23.172028920127, -102.91275497116429"
GE SISTEMAS MEDICOS DE MEXICO,Hospital General De Zacatecas,"Circuito Ciudad Gobierno 410, Colonia, 98160 Ciudad Gobierno, Zac.",https://maps.app.goo.gl/JT2HFBYnde4XuAYx8,"22.777853739385435, -102.61868735083294"
GE SISTEMAS MEDICOS DE MEXICO,Hospital Hgr 180 Tlajomulco Jalisco,"Carretera San Sebastian - Santa Fe 1000, Camino a Unión del 4, Los Encinos, 45653 Tlajomulco de Zúñiga, Jal.",https://maps.app.goo.gl/L1tgV2oiYrGEbDoX9,"20.5072048575089, -103.39883065767143"
GE SISTEMAS MEDICOS DE MEXICO,Hospital Hgr1 Vicente Guerrero Acapulco,"Av. Adolfo Ruiz Cortinez 7, Progreso, 39610 Acapulco de Juárez, Gro.",https://maps.app.goo.gl/KGsqxEL3kt4wai2Z7,"16.872916600909573, -99.88950339999998"
GE SISTEMAS MEDICOS DE MEXICO,Hospital Mexico Americano,"C. Colomos 2110, Ayuntamiento, 44620 Guadalajara, Jal.",https://maps.app.goo.gl/NxUbC9D4dZA4siP88,"20.691415379250643, -103.36989314232856"
GE SISTEMAS MEDICOS DE MEXICO,Hospital Militar Mazatlan,"Hospital Militar, Proyecto s/n, Rincón de Urias, 82060 Mazatlán, Sin.",https://maps.app.goo.gl/CXa4hWTNcVrE83526,"23.23875430000001, -106.36992728465715"
GE SISTEMAS MEDICOS DE MEXICO,Hospital Militar Unidad De Especialidades Medicas - Cdmx,"Av. Industria Militar 1088B, Militar, Miguel Hidalgo, 11200 Ciudad de México, CDMX",https://maps.app.goo.gl/CQBkp8UkCZrJV7e7A,"19.431776576094, -99.224708257817"
GE SISTEMAS MEDICOS DE MEXICO,Hospital Rae Issste Acapulco,"Hospital Regional de Alta Especialidad, Fracc Costa Azul, Costa Azul, 39859 Acapulco de Juárez, Gro.",https://maps.app.goo.gl/VRykJ5ZjMLqTck8b9,"16.853490267472885, -99.85026337989468"
GE SISTEMAS MEDICOS DE MEXICO,Hospital Regional De Especialidades Yucatan,"C. 20 119, Col. Altabrisa, 97130 Mérida, Yuc.",https://maps.app.goo.gl/c44fEktLzMQBBvqeA,"21.01914335126929, -89.58190114614717"
GE SISTEMAS MEDICOS DE MEXICO,Hospital Regional Militar Irapuato,"Blvrd Paseo Solidaridad 6189, Morelos , 36545 Irapuato, Gto.",https://maps.app.goo.gl/rSU7bEP2hhyCkDsm6,"20.665933461521803, -101.32879734232856"
GE SISTEMAS MEDICOS DE MEXICO,Hospital Regional Militar Monterrey,"Av. Manuel L. Barragán 5000, Niños Héroes, Regina, 64290 Monterrey, N.L.",https://maps.app.goo.gl/ovW7CSQZ2AYFzbBE9,"25.720572972125545, -100.31313918435295"
GE SISTEMAS MEDICOS DE MEXICO,Hospital Santa Maria Chapalita,"Av. Niño Obrero 1666, Chapalita Oriente, 45040 Zapopan, Jal.",https://maps.app.goo.gl/sd8yka6qanx965oC7,"20.6671919244344, -103.40861732881959"
GE SISTEMAS MEDICOS DE MEXICO,Hospital Santander,"Calle Francisco I. Madero 600, Col del Prado, 88560 Reynosa, Tamps.",https://maps.app.goo.gl/HX95PVYrZizXybc2A,"26.087890428425943, -98.27323154232856"
GE SISTEMAS MEDICOS DE MEXICO,Imss Villacoapa No.2 Cdmx,"Calz. de las Bombas 117, Coapa, Ex-Ejido Sta Úrsula Coapa 27 Bis, Coyoacán, 04980 Ciudad de México, CDMX",https://maps.app.goo.gl/v2DpV7cgUXTJBfoW7,"19.30903302402389, -99.12978410014553"
GE SISTEMAS MEDICOS DE MEXICO,Instituto Nacional De Neurologia Y Neurociencias,"Av. Insurgentes Sur 3877, La Fama, Tlalpan, 14269 Ciudad de México, CDMX",https://maps.app.goo.gl/TSc9QXJjHrTJ6Nsq6,"19.29144599741912, -99.17530555641258"
GE SISTEMAS MEDICOS DE MEXICO,Instituto Nacional De Pediatria,"Av. Insurgentes Sur 3700-Letra C, Insurgentes Cuicuilco, Coyoacán, 04530 Ciudad de México, CDMX",https://maps.app.goo.gl/KXqB2R3oujjuFxX48,"19.306626376428774, -99.18532350000001"
GE SISTEMAS MEDICOS DE MEXICO,Centro Médico Nacional La Raza,"Centro Médico Nacional La Raza, P.º de las Jacarandas S/N, La Raza, Azcapotzalco, 02990 Ciudad de México, CDMX",https://maps.app.goo.gl/Pkra6YE1JSSDy73F6,"19.465134058079364, -99.14405345160391"
GE SISTEMAS MEDICOS DE MEXICO,Hospital Christus Muguerza Altagracia,"Blvd. Jorge Vértiz Campero 761, Fracciones Cañada de Alfaro, 37238 León de los Aldama, Gto.",https://maps.app.goo.gl/CLhYfctsTBqyjVG2A,"21.134697548650806, -101.62370581101497"
GE SISTEMAS MEDICOS DE MEXICO,Muguerza Betania,"Av 11 Ote 1826, Azcarate, 72501 Heroica Puebla de Zaragoza, Pue.",https://maps.app.goo.gl/Xft6qHvBPDGqYQSX9,"19.034622904055677, -98.18789084407729"
GE SISTEMAS MEDICOS DE MEXICO,Muguerza Conchita,"C. Mariano Matamoros 1640, Maria Luisa, Nuevo Obispado, 64000 Monterrey, N.L.",https://maps.app.goo.gl/z3VbgFZtftm3xZXr8,"25.674748031883126, -100.33760988489738"
GE SISTEMAS MEDICOS DE MEXICO,Muguerza Cumbres,"Av Paseo de los Leones 8001, 66035 Monterrey, N.L.",https://maps.app.goo.gl/nKibbFE8b6FcA72L8,"25.755988057641613, -100.44079798148782"
GE SISTEMAS MEDICOS DE MEXICO,Muguerza Del Parque,"Dr. Pedro Leal #1802, Zona Centro, 31000 Chihuahua, Chih.",https://maps.app.goo.gl/qiys1KVXkaCB3USx5,"28.629631557553463, -106.07529425922556"
GE SISTEMAS MEDICOS DE MEXICO,Muguerza Faro Del Mayab,"Calle 24 S/N, Temozon Norte, Santa Gertrudis Copo, 97305 Mérida, Yuc.",https://maps.app.goo.gl/uMuo7AytVYCcgoBj6,"21.04377777154151, -89.60177372240949"
GE SISTEMAS MEDICOS DE MEXICO,Muguerza Hospital Reynosa,"Tiburcio Garza Zamora Kilómetro 5.5, Rancho Grande, 88610 Reynosa, Tamps.",https://maps.app.goo.gl/ySE6JGSrVJR3jDTZ6,"26.110539875560267, -98.32994755677841"
GE SISTEMAS MEDICOS DE MEXICO,Muguerza Juventud - Chihuhua,"Centro de Medicina Ambulatoria Juventud, Perif. de la Juventud, Valle del Ángel, 31115 Chihuahua, Chih.",https://maps.app.goo.gl/pVbW3H8Kf8ejCqP17,"28.659217057695447, -106.12957098650713"
GE SISTEMAS MEDICOS DE MEXICO,Muguerza Murano,"Av. Murano 248, Las Heras 2da Secc, 36640 Irapuato, Gto.",https://maps.app.goo.gl/TrmaRStjjySCV14RA,"20.68250071309205, -101.3758646288357"
GE SISTEMAS MEDICOS DE MEXICO,Muguerza Saltillo,"Christus Muguerza Saltillo, Blvd. Luis Donaldo Colosio, Sin Nombre de Col 25, 25204 Saltillo, Coah.",https://maps.app.goo.gl/Fz5Ud8SjD3k2VP8u7,"25.477369803832524, -100.97877914602859"
GE SISTEMAS MEDICOS DE MEXICO,Muguerza Hospital San Nicolas,"Av. Rómulo Garza 1100, Hacienda los Morales 3er Sector, 66495 San Nicolás de los Garza, N.L.",https://maps.app.goo.gl/3ovQosraJjNBkvVe9,"25.718669046753625, -100.24231553076521"
GE SISTEMAS MEDICOS DE MEXICO,Muguerza San Pedro,"Calz. Mauricio Fernández Garza 325, Del Valle, 66220 San Pedro Garza García, N.L.",https://maps.app.goo.gl/BUhPaVYUhPSctEPHA,"25.652324771375945, -100.37108375767143"
GE SISTEMAS MEDICOS DE MEXICO,Muguerza Sucursal Obispado Christus Muguerza Alta Especialidad,"Miguel Hidalgo y Costilla 2525, Obispado, 64060 Monterrey, N.L.",https://maps.app.goo.gl/itYA4eKbrFCa1kUY7,"25.673403940727187, -100.34834523993565"
GE SISTEMAS MEDICOS DE MEXICO,Muguerza Hospital  Sur,"Carr Nacional 6501, La Estanzuela, 64988 Monterrey, N.L.",https://maps.app.goo.gl/WMdpvpXHSBR1x16k9,"25.58944379700237, -100.25769190318681"
GE SISTEMAS MEDICOS DE MEXICO,Muguerza Hospital Upaep,"Av 5 Pte 715, Centro, 72000 Heroica Puebla de Zaragoza, Pue.",https://maps.app.goo.gl/Bdr1D4hLoKVbZuaKA,"19.04544349394754, -98.20521824702607"
GE SISTEMAS MEDICOS DE MEXICO,Muguerza Vidriera,"Mariano Escobedo 1405, Treviño, 64570 Monterrey, N.L.",https://maps.app.goo.gl/pCtJLZ3Zvo8MJvfR7,"25.687204086076694, -100.3082803329572"
GE SISTEMAS MEDICOS DE MEXICO,Secretaria De Marina- Centro Medico Naval,"Av. H. Escuela Naval Militar 745, Coapa, Presidentes Ejidales 1ra Secc, Coyoacán, 04470 Ciudad de México, CDMX",https://maps.app.goo.gl/a8VREDoiEvHXBnLA7,"19.323999360846237, -99.12552671901919"
GE SISTEMAS MEDICOS DE MEXICO,Umae  He 2 Cmn Sonora,"Unidad Médica de Alta Especialidad, Av. Hidalgo, 85120 Cdad. Obregón, Son.",https://maps.app.goo.gl/YMr1QaPgnfR4RrXw7,"27.49642769859992, -109.96320055767143"
GE SISTEMAS MEDICOS DE MEXICO,Umae T1 Guanajuato Bajío,"Unidad Médica De Alta Especialidad, Blvd. Adolfo López Mateos SN, Los Paraisos, 37328 León de los Aldama, Gto.",https://maps.app.goo.gl/9SYUNmz7foABQ4Ct5,"21.139796823874796, -101.68717486971886"
GE SISTEMAS MEDICOS DE MEXICO,Umae 1 Merida,"Calle 41 101, Fénix, 97155 Mérida, Yuc.",https://maps.app.goo.gl/xxfzyJH1VjX86vqU9,"20.97894410429413, -89.60296218456537"
GE SISTEMAS MEDICOS DE MEXICO,Umae Hospital De Especialidades 14,"Hospital de Especialidades 14, Av. Cuauhtémoc, Formando Hogar, 91810 Veracruz, Ver.",https://maps.app.goo.gl/NwSbTErasw6XWYSg7,"19.19919426789164, -96.15606654232856"
GE SISTEMAS MEDICOS DE MEXICO,"Umae Hospital De Especialidades, Cmn Sxxi","Av. Cuauhtémoc 330, Doctores, Cuauhtémoc, 06720 Ciudad de México, CDMX",https://maps.app.goo.gl/RsajBnmTgPKwcahq7,"19.40968981605824, -99.15486793696557"
GE SISTEMAS MEDICOS DE MEXICO,Umae Hospital De Cardiologia No. 34,"Hospital de Cardiologia No. 34, Av Abraham Lincoln s/n, Valle Verde, 64360 Monterrey, N.L.",https://maps.app.goo.gl/j1mraavvxMc19B8Z6,"25.728262773953706, -100.36946264232856"
GE SISTEMAS MEDICOS DE MEXICO,Imss Unidad Médica De Alta Especialidad No. 71,"Unidad Médica de Alta Especialidad No. 71, Blvrd Revolución 2650 oriente, Torreón Jardín, 27000 Torreón, Coah.",https://maps.app.goo.gl/XfMDFzBCeTCmhye99,"25.535287998942536, -103.41999521779759"
GE SISTEMAS MEDICOS DE MEXICO,"Umae Hospital De Especialidades, Cmn Sxxi","Av. Cuauhtémoc 330, Doctores, Cuauhtémoc, 06720 Ciudad de México, CDMX",https://maps.app.goo.gl/Ag31z3xjZwoNDUvV8,"19.409653323683056, -99.15474461178836"
GE SISTEMAS MEDICOS DE MEXICO,Centro Médico Nacional De Occidente Imss,"Av. Belisario Domínguez 1000, Belisario Domínguez, 44329 Guadalajara, Jal.",https://maps.app.goo.gl/a7JMy2Z7gABbEmQV7,"20.686330620475573, -103.32661480143098"
GE SISTEMAS MEDICOS DE MEXICO,Umae Oncología Cmn Siglo Xxi,"Centro Médico Nacional Siglo XXI, Av. Cuauhtémoc 330, Doctores, 06720 Ciudad de México, CDMX",https://maps.app.goo.gl/pGjxxfdETqy111AZ7,"19.40681567102212, -99.15334383265379"
GE SISTEMAS MEDICOS DE MEXICO,Umae Cmn Imss Hospital De Pediatría,"Dr. Ignacio Morones Prieto 605, Doctores, Cuauhtémoc, 06720 Ciudad de México, CDMX",https://maps.app.goo.gl/Wgh8PWvEzJ5XhxyS7,"19.406977359557388, -99.15182499332742"
GE SISTEMAS MEDICOS DE MEXICO,Umae Especialidades Puebla,"Calle 2 Nte 2004, Centro histórico de Puebla, 72089 Heroica Puebla de Zaragoza, Pue.",https://maps.app.goo.gl/kMTdZE21i8CV3gM99,"19.051212662342504, -98.19187000389145"
GE SISTEMAS MEDICOS DE MEXICO,Unidad De Especialidades Medicas De La Sedena,"Av. Industria Militar 1088B, Militar, Miguel Hidalgo, 11200 Ciudad de México, CDMX",https://maps.app.goo.gl/51Dzx8A81TfTgaQu9,"19.431832569015853, -99.22472183645394"
GE SISTEMAS MEDICOS DE MEXICO,Instituto De Investigaciones Médico Biológicas De Uv,"Universidad Veracruzana, C. Agustín de Iturbide S/n, Salvador Díaz Mirón, 91700 Veracruz, Ver.",https://maps.app.goo.gl/BYaGGkf4A7WZuXSz8,"19.18634671288923, -96.13159141238518"
GRUPO DIAGNOSTICO ARIES,ANGELOPOLIS,"Av. del Sol 2519, Reserva Territorial Atlixcáyotl, San Ángel Primera Secc, 72197 San Bernardino Tlaxcalancingo, Pue.",https://maps.app.goo.gl/rdN9LnWUbTy3DXWT8,"19.02666050569971, -98.24160837564031"
GRUPO DIAGNOSTICO ARIES,AV MEXICO,"Av. México 246, Las Fuentes, 57600 Cdad. Nezahualcóyotl, Méx.",https://maps.app.goo.gl/d5tfKfyt9SnyFWNaA,"19.404110431471143, -99.03916688298477"
GRUPO DIAGNOSTICO ARIES,AZTECAS - LOS REYES,"Av. Simon Bolívar 15, Centro, 56400 Los Reyes Acaquilpan, Méx.",https://maps.app.goo.gl/iRveUMdWCm3qKKuy8,"19.357055654149555, -98.97983133199095"
GRUPO DIAGNOSTICO ARIES,ECATEPEC,"Vía Morelos 32, Boulevares Impala, 55090 Ecatepec de Morelos, Méx.",https://maps.app.goo.gl/dRndomJ8izUPYjLS7,"19.59256822076251, -99.03908978738961"
GRUPO DIAGNOSTICO ARIES,ESTUDIOS CLINICOS DR. T. J. ORIARD,"Ermita Iztapalapa 2845, Reforma Política, Iztapalapa, 09730 Ciudad de México, CDMX",https://maps.app.goo.gl/AcD4opz8hmkuTEwq5,"19.34322331782189, -99.03294130907811"
GRUPO DIAGNOSTICO ARIES,LABORATORIOS QUIMICO CLINICO AZTECA,"Av. Simon Bolívar 15, Centro, 56400 Los Reyes Acaquilpan, Méx.",https://maps.app.goo.gl/iRveUMdWCm3qKKuy8,"19.357055654149555, -98.97983133199095"
GRUPO DIAGNOSTICO ARIES,LISTER ALTAMIRA,"Privada Paul Harris 102, Vista Hermosa, 89119 Tampico, Tamps.",https://maps.app.goo.gl/1eDR2tDkS7XNRpcn7,"22.257474274124835, -97.87458412329954"
GRUPO DIAGNOSTICO ARIES,NEZAHUALCOYOTL,"Av. Adolfo López Mateos 313, Evolucion, 57700 Cdad. Nezahualcóyotl, Méx.",https://maps.app.goo.gl/cfVBpeA6mq5d39BYA,"19.401137274463938, -99.02788743529302"
GRUPO DIAGNOSTICO ARIES,OLAB TLALPAN,"Calz. de Tlalpan 1251, San Simón, Benito Juárez, 03300 Ciudad de México, CDMX",https://maps.app.goo.gl/H7SePPpmxd8MZRZm6,"19.371814975466428, -99.14153158358693"
GRUPO DIAGNOSTICO ARIES,PADRE MIER,"Padre Mier 1380, Maria Luisa, Centro, 64720 Monterrey, N.L.",https://maps.app.goo.gl/zhnum84him6HRqhz5,"25.671650591174604, -100.33440977375437"
GRUPO DIAGNOSTICO ARIES,POLAB PALMAS,"Blvd. Lic. Benito Juárez 56, Miguel Hidalgo, 62000 Cuernavaca, Mor.",https://maps.app.goo.gl/NtcLGsnrW1iqND116,"18.910875720369216, -99.23215002886151"
GRUPO DIAGNOSTICO ARIES,SAN FELIPE,"Avenida Universidad 2313, San Felipe I Etapa, 31203 Chihuahua, Chih.",https://maps.app.goo.gl/FjuWbw54WGWRCwiGA,"28.64932579166632, -106.08410875178042"
GRUPO DIAGNOSTICO ARIES,SATELITE,"Perif. Blvd. Manuel Ávila Camacho 2220, Cd. Satélite, 53100 Naucalpan de Juárez, Méx.",https://maps.app.goo.gl/YvegyP1igaf9QuE86,"19.50917243939214, -99.2368475067993"
GRUPO DIAGNOSTICO ARIES,SWISSLAB OBISPADO,"Miguel Hidalgo y Costilla 2717, Centro, 64050 Monterrey, N.L.",https://maps.app.goo.gl/iGGsGccfCjcxvcxW9,"25.673302634220956, -100.35133341638912"
GRUPO DIAGNOSTICO ARIES,VIADUCTO,"Calz. de Tlalpan 464, Viaducto Piedad, Iztacalco, 08200 Ciudad de México, CDMX",https://maps.app.goo.gl/WGTUbkDA6JLEvqVa8,"19.400397988880027, -99.13664538538087"
METRO NET HOSTING,KIO Networks Hermosillo,"KIO Networks Hermosillo, Calle Gral. Bernardo Reyes 104, San Benito, 83190 Hermosillo, Son.",https://maps.app.goo.gl/9CXkXg198W6xyWu46,"29.085440089436542, -110.96112224642341"
METRO NET HOSTING,KIO Data Centers MEX/2,"KIO Data Centers MEX/2, Prolongacion Paseo de la Reforma 5396, La Rosita, El Yaqui, Cuajimalpa de Morelos, 05000 Ciudad de México, CDMX",https://maps.app.goo.gl/BfkvpWzZ8gZdySHg7,"19.363636703689636, -99.28041541821254"
METRO NET HOSTING,KIO Networks MEX/5,"KIO Networks MEX/5, Blvd. Benito Juárez 20, San Mateo Cuautepec, 54948 Col. Lázaro Cárdenas, Méx.",https://maps.app.goo.gl/qknnLWep3pAaEGtt7,"19.627968657852183, -99.1486593882097"
METRO NET HOSTING,KIO MER2,"KIO MER2, C. 19 444, Cd Industrial, 97288 Mérida, Yuc.",https://maps.app.goo.gl/pok5R7TYg76NAn1C6,"20.92955026689346, -89.6814377760497"
METRO NET HOSTING,QUERETARO,"KIO Data Centers QRO/2, Cto el Marqués Nte 21a, parque industrial, 76246 Parque Industrial El Marqués, Qro.",https://maps.app.goo.gl/gqb2Gchun7rjJPcM6,"20.565954412041062, -100.25676842535967"
MEXICO TOWER PARTNERS SAPI DE CV,"Planta de Ensamble IGSA, S.A. de C.V.","Planta de Ensamble IGSA, S.A. de C.V, Carretera Amomolulco-Ocoyoacac, Km5, Lerma, Estado de México, Méx.",https://maps.app.goo.gl/xzvCbbBPvkT9Siqb8,"19.280545241642464, -99.48788253811925"
MEXICO TOWER PARTNERS SAPI DE CV,MTP ECR Leon,"C. Donato Guerra 519, Obregon, 37320 León de los Aldama, Gto.",https://maps.app.goo.gl/9yson9wQVatWwLJW8,"21.126390444226796, -101.67799387442086"
MEXICO TOWER PARTNERS SAPI DE CV,MTP Edge Mérida,"Calle 87, 601, 97000, Mérida, Mexico",https://maps.app.goo.gl/yguqVh3y7rhSySrB9,"20.953313338073198, -89.64019362326133"
MEXICO TOWER PARTNERS SAPI DE CV,MTP Edge San Luis Potosi,"Cantil, San Andres, 78430 Soledad de Graciano Sánchez, S.L.P.",https://maps.app.goo.gl/TgdmvTduX5uHCCMGA,"22.18092914596258, -100.95263259992602"
MEXICO TOWER PARTNERS SAPI DE CV,MTP Edge Tijuana,"Emiliano Zapata 202, Obrera 1a. Secc., 22625 Tijuana, B.C.",https://maps.app.goo.gl/FbL7dmgrcvn4xWt57,"32.493148158304905, -117.0378552843409"
PROMOTORA DEL DESARROLLO DE AMERICA LATINA,CASETA APAXCO,"Plaza de Cobro Apaxco Arco Norte, Autopista Arco Norte, Caseta Apaxco",https://maps.app.goo.gl/Bj525Sz7aVkydN3LA,"19.998420055696233, -99.139937368747"
PROMOTORA DEL DESARROLLO DE AMERICA LATINA,CASETA ATLACOMULCO,"Plaza De Cobro Atlacomulco, México 55D 2, 50455 San Pedro del Rosal, Méx.",https://maps.app.goo.gl/M36XbhTpMWzaSVDV7,"19.762426579437147, -99.85565395786332"
PROMOTORA DEL DESARROLLO DE AMERICA LATINA,CASETA LIBRAMIENTO TOLUCA,"Caseta de Cobro Libramiento de Toluca 4B, Lib. Nte. de Toluca 4b, 50934 Méx.",https://maps.app.goo.gl/DvWaeGSCEjw9RNL86,"19.381442045198167, -99.80470401447523"
PROMOTORA DEL DESARROLLO DE AMERICA LATINA,CASETA TULA 2,"Caseta Tula II, 42514, Hgo Tula Caseta II",https://maps.app.goo.gl/wvG3MfeeTDL6p4Fw8,"20.070502422640324, -99.36827143829093"
PROMOTORA DEL DESARROLLO DE AMERICA LATINA,CASETA XONACATLAN,"Plaza de Cobro Xonacatlan, Lib. Ruta de la Independencia Bicentenario, 52067 Méx.",https://maps.app.goo.gl/ZH2BoZ6jjp2w56pK7,"19.375758605761995, -99.54947394108915"
PROMOTORA DEL DESARROLLO DE AMERICA LATINA,CETRAM CD AZTECA,"Av. Carlos Hank González 50 Parking, Av. Carlos Hank González 50, Cd Azteca 3ra Secc, 54187 Tlalnepantla, Méx.",https://maps.app.goo.gl/uAdvGQZagTYahBBh8,"19.535131602051816, -99.0271529893958"
PROMOTORA DEL DESARROLLO DE AMERICA LATINA,CASETA CHAMAPA,"Caseta de cobro autopista la venta chamapa, Autop. Chamapa – La Venta, Minas Coyote, 52773 Naucalpan de Juárez, Méx.",https://maps.app.goo.gl/SPfTgKa4cZaxTktr9,"19.431707372361423, -99.2967349016853"
PROMOTORA DEL DESARROLLO DE AMERICA LATINA,CASETA LA VENTA,"Caseta La Venta, México 57D 22, Contadero, Cuajimalpa de Morelos, 05500 Ciudad de México, CDMX",https://maps.app.goo.gl/ByHfapxZ3Rj51uW97,"19.34889517490714, -99.30663010160664"
PROMOTORA DEL DESARROLLO DE AMERICA LATINA,HOSPITAL ANGELES PUEBLA,"Hospital Angeles Puebla, Av. Kepler 2143, Reserva Territorial Atlixcáyotl, 72190 Heroica Puebla de Zaragoza, Pue.",https://maps.app.goo.gl/SNcdPfrJD6i7rc788,"19.021360299109944, -98.23475769238715"
RADIOMOVIL DIPSA,TELCEL AZTECAS CELAYA,"Albino García 501, Las Fuentes, 38040 Celaya, Gto.",https://maps.app.goo.gl/5eLyCAJR4gJNUEdw8,"20.525341674551534, -100.82954065813577"
RADIOMOVIL DIPSA,TELCEL AZTECA,"Albino García 501, Las Fuentes, 38040 Celaya, Gto.",https://maps.app.goo.gl/5eLyCAJR4gJNUEdw8,"20.525341674551534, -100.82954065813577"
RADIOMOVIL DIPSA,TELCEL CASCADA,"Central Cascada Telmex, 208 77538, Monte Blanco 54, Cancún, Q.R.",https://maps.app.goo.gl/4jJP8kWNoPiiz8Pe6,"21.156818989914953, -86.8855076255056"
RADIOMOVIL DIPSA,TELCEL OBRERA,"Av. 5 de Febrero 1164, 5 de Febrero, 76140 Santiago de Querétaro, Qro.",https://maps.app.goo.gl/UyduN25H6EZLT8Hv6,"20.612799379478545, -100.41967486748192"
RADIOMOVIL DIPSA,TELCEL CDMX NEXTENGO,"Av. Aquiles Serdán 377, Nextengo, Azcapotzalco, 02070 Ciudad de México, CDMX",https://maps.app.goo.gl/hJ3fihJikrkdFT5o8,"19.47368306537478, -99.19011569840013"
RADIOMOVIL DIPSA,TELCEL CDMX POPOTLA,"C. José Sánchez Trujillo 271, San Alvaro, Azcapotzalco, 02090 Ciudad de México, CDMX",https://maps.app.goo.gl/sEhGVfRuXSNmsrZr6,"19.459696691644673, -99.18025131769353"
RADIOMOVIL DIPSA,TELCEL CELAYA AZTECAS,"Albino García 501, Las Fuentes, 38040 Celaya, Gto.",https://maps.app.goo.gl/5eLyCAJR4gJNUEdw8,"20.525341674551534, -100.82954065813577"
RADIOMOVIL DIPSA,TELCEL CIUDAD JUAREZ COPERNICO,"Del Labrador 6530, Olmos Tecnológico, 32519 Juárez, Chih.",https://maps.app.goo.gl/3dY9SS72RsQHDwtR6,"31.72300778556293, -106.42511324458223"
RADIOMOVIL DIPSA,TELCEL CORREGIDORA,"Calle Ignacio Zaragoza 396, Niños Heroes, 76010 Santiago de Querétaro, Qro.",https://maps.app.goo.gl/K3ZwAvFNhK8tMA2s5,"20.58270162466217, -100.40641217512157"
RADIOMOVIL DIPSA,TELCEL LEON MANZANARES 13 14102025,"Blvd. Adolfo López Mateos 2132, San Isidro Nte, 37510 León de los Aldama, Gto.",https://maps.app.goo.gl/e52hhWwzEXKnNAny6,"21.10793203676402, -101.64360414354739"
RADIOMOVIL DIPSA,TELCEL QUERETARO OBRERA,"Av. 5 de Febrero 1164, 5 de Febrero, 76140 Santiago de Querétaro, Qro.",https://maps.app.goo.gl/UyduN25H6EZLT8Hv6,"20.612799379478545, -100.41967486748192"
RADIOMOVIL DIPSA,TELCEL ZARCO DURANGO 29 & 30 OCTUBRE 2025,"Gaspar de Albear 201, Nueva Vizcaya, 34080 Durango, Dgo.",https://maps.app.goo.gl/fGub5sm1abQVfReB9,"24.03088432310048, -104.64519901678304"
ROTOPLAS,GUADALAJARA,"Avenida Hacienda Buenavista 56, Hacienda Colimillas, Tlajomulco de Zúñiga, Jal.",https://maps.app.goo.gl/LvFssjbbaZyzkiZM9,"20.456313849151563, -103.45395626701442"
ROTOPLAS,IXTAPALUCA,"Av. Ferrocarril del Nte. 23, 56535 Ixtapaluca, Méx.",https://maps.app.goo.gl/RjDXRYrwsAiNenoU9,"19.29439335691335, -98.88934615404017"
ROTOPLAS,LERMA,"Cto. de la Industria Nte. 92, Parque Industrial, 52004 Lerma de Villada, Méx.",https://maps.app.goo.gl/6dzErTyRXmZHU2sm7,"19.299576390407704, -99.53596725631135"
ROTOPLAS,SURESTE,"Perif. de Mérida Lic. Manuel Berzunza 13348, 97238 Caucel, Yuc.",https://maps.app.goo.gl/mvzAN67hSstsYKCw7,"20.99393490886374, -89.67590278223203"
ROTOPLAS,GOLFO,"Av. Framboyanes MZ3LT1D, Bruno Pagliai, 91697 Valente Díaz, Ver.",https://maps.app.goo.gl/t5aqVrNcrBm8d4MZ8,"19.16297344584174, -96.24334781546736"
